store_id,product_id,stock_on_hand,reorder_level
1,1,27,10
1,2,0,10
1,3,32,10
1,4,6,10
1,5,0,10
1,6,79,10
1,7,5,10
1,8,63,10
1,9,12,10
1,10,22,10
1,11,19,10
1,12,3,10
1,13,12,10
1,14,3,10
1,15,2,10
1,16,8,10
1,17,7,10
1,18,11,10
1,19,25,10
1,20,11,10
1,21,21,10
1,22,2,10
1,23,1,10
1,24,9,10
1,25,54,10
1,26,13,10
1,27,33,10
1,28,10,10
1,29,4,10
1,30,44,10
1,31,7,10
1,32,4,10
1,33,2,10
1,34,0,10
1,35,12,10
2,1,0,10
2,2,6,10
2,3,18,10
2,4,0,10
2,5,0,10
2,6,6,10
2,7,14,10
2,8,76,10
2,9,0,10
2,10,10,10
2,11,0,10
2,12,2,10
2,13,3,10
2,14,21,10
2,15,20,10
2,16,0,10
2,17,12,10
2,18,38,10
2,19,35,10
2,20,0,10
2,21,20,10
2,22,0,10
2,23,8,10
2,24,39,10
2,25,32,10
2,26,12,10
2,27,30,10
2,28,2,10
2,29,5,10
2,30,50,10
2,31,18,10
2,32,10,10
2,33,11,10
2,34,18,10
2,35,0,10
3,1,17,10
3,2,8,10
3,3,35,10
3,4,0,10
3,5,0,10
3,6,21,10
3,7,8,10
3,8,44,10
3,9,4,10
3,10,54,10
3,11,13,10
3,12,4,10
3,13,8,10
3,14,4,10
3,15,0,10
3,16,0,10
3,17,1,10
3,18,52,10
3,19,33,10
3,20,0,10
3,21,3,10
3,22,0,10
3,23,13,10
3,24,15,10
3,25,44,10
3,26,13,10
3,27,23,10
3,28,10,10
3,29,0,10
3,30,43,10
3,31,29,10
3,32,4,10
3,33,4,10
3,34,7,10
3,35,0,10
4,1,2,10
4,2,18,10
4,3,6,10
4,4,2,10
4,5,14,10
4,6,44,10
4,7,9,10
4,8,15,10
4,9,27,10
4,10,8,10
4,11,3,10
4,12,7,10
4,13,4,10
4,14,4,10
4,15,9,10
4,16,8,10
4,17,2,10
4,18,17,10
4,19,2,10
4,20,13,10
4,21,24,10
4,22,5,10
4,23,26,10
4,24,20,10
4,25,18,10
4,26,10,10
4,27,19,10
4,28,6,10
4,29,20,10
4,30,28,10
4,31,35,10
4,32,6,10
4,33,2,10
4,34,0,10
4,35,4,10
5,1,8,10
5,2,14,10
5,3,3,10
5,4,0,10
5,5,0,10
5,6,12,10
5,7,30,10
5,8,27,10
5,9,31,10
5,10,39,10
5,11,0,10
5,12,0,10
5,13,17,10
5,14,14,10
5,15,0,10
5,16,0,10
5,17,7,10
5,18,9,10
5,19,18,10
5,20,0,10
5,21,0,10
5,22,0,10
5,23,11,10
5,24,60,10
5,25,9,10
5,26,4,10
5,27,45,10
5,28,0,10
5,29,8,10
5,30,39,10
5,31,31,10
5,32,10,10
5,33,17,10
5,34,10,10
5,35,0,10
6,1,0,10
6,2,47,10
6,3,20,10
6,4,14,10
6,5,8,10
6,6,32,10
6,7,18,10
6,8,50,10
6,9,3,10
6,10,52,10
6,11,20,10
6,12,2,10
6,13,2,10
6,14,11,10
6,15,11,10
6,16,10,10
6,17,22,10
6,18,11,10
6,19,39,10
6,20,9,10
6,21,36,10
6,22,5,10
6,23,15,10
6,24,15,10
6,25,62,10
6,26,7,10
6,27,37,10
6,28,2,10
6,29,10,10
6,30,67,10
6,31,17,10
6,32,7,10
6,33,7,10
6,34,8,10
6,35,3,10
7,1,14,10
7,2,7,10
7,3,10,10
7,4,17,10
7,5,19,10
7,6,10,10
7,7,1,10
7,8,46,10
7,9,0,10
7,10,36,10
7,11,7,10
7,12,38,10
7,13,20,10
7,14,3,10
7,15,3,10
7,16,6,10
7,17,4,10
7,18,31,10
7,19,24,10
7,20,7,10
7,21,49,10
7,22,8,10
7,23,9,10
7,24,25,10
7,25,10,10
7,26,16,10
7,27,48,10
7,28,0,10
7,29,8,10
7,30,27,10
7,31,15,10
7,32,3,10
7,33,18,10
7,34,2,10
7,35,17,10
8,1,10,10
8,2,11,10
8,3,8,10
8,4,18,10
8,5,10,10
8,6,12,10
8,7,8,10
8,8,42,10
8,9,0,10
8,10,54,10
8,11,8,10
8,12,4,10
8,13,0,10
8,14,0,10
8,15,0,10
8,16,8,10
8,17,5,10
8,18,18,10
8,19,11,10
8,20,5,10
8,21,37,10
8,22,13,10
8,23,8,10
8,24,7,10
8,25,71,10
8,26,20,10
8,27,47,10
8,28,20,10
8,29,3,10
8,30,13,10
8,31,27,10
8,32,7,10
8,33,17,10
8,34,18,10
8,35,8,10
9,1,15,10
9,2,18,10
9,3,10,10
9,4,6,10
9,5,3,10
9,6,55,10
9,7,22,10
9,8,29,10
9,9,50,10
9,10,69,10
9,11,1,10
9,12,6,10
9,13,19,10
9,14,11,10
9,15,9,10
9,16,5,10
9,17,8,10
9,18,8,10
9,19,54,10
9,20,4,10
9,21,12,10
9,22,9,10
9,23,31,10
9,24,16,10
9,25,4,10
9,26,21,10
9,27,29,10
9,28,9,10
9,29,8,10
9,30,11,10
9,31,6,10
9,32,3,10
9,33,9,10
9,34,5,10
9,35,4,10
10,1,5,10
10,2,17,10
10,3,15,10
10,4,17,10
10,5,4,10
10,6,24,10
10,7,13,10
10,8,73,10
10,9,10,10
10,10,57,10
10,11,9,10
10,12,15,10
10,13,17,10
10,14,4,10
10,15,13,10
10,16,1,10
10,17,3,10
10,18,17,10
10,19,57,10
10,20,4,10
10,21,16,10
10,22,13,10
10,23,9,10
10,24,20,10
10,25,68,10
10,26,9,10
10,27,24,10
10,28,19,10
10,29,12,10
10,30,42,10
10,31,7,10
10,32,13,10
10,33,12,10
10,34,16,10
10,35,2,10
11,1,19,10
11,2,18,10
11,3,18,10
11,4,0,10
11,5,0,10
11,6,32,10
11,7,19,10
11,8,64,10
11,9,13,10
11,10,17,10
11,11,9,10
11,12,17,10
11,13,2,10
11,14,18,10
11,15,7,10
11,16,0,10
11,17,5,10
11,18,34,10
11,19,51,10
11,20,0,10
11,21,0,10
11,22,0,10
11,23,23,10
11,24,39,10
11,25,70,10
11,26,10,10
11,27,28,10
11,28,11,10
11,29,4,10
11,30,10,10
11,31,20,10
11,32,4,10
11,33,6,10
11,34,9,10
11,35,0,10
12,1,16,10
12,2,16,10
12,3,44,10
12,4,8,10
12,5,17,10
12,6,23,10
12,7,11,10
12,8,61,10
12,9,14,10
12,10,17,10
12,11,8,10
12,12,10,10
12,13,15,10
12,14,13,10
12,15,11,10
12,16,14,10
12,17,5,10
12,18,20,10
12,19,52,10
12,20,15,10
12,21,15,10
12,22,4,10
12,23,15,10
12,24,34,10
12,25,23,10
12,26,20,10
12,27,36,10
12,28,10,10
12,29,19,10
12,30,45,10
12,31,13,10
12,32,9,10
12,33,5,10
12,34,9,10
12,35,9,10
13,1,0,10
13,2,2,10
13,3,3,10
13,4,0,10
13,5,0,10
13,6,14,10
13,7,16,10
13,8,66,10
13,9,0,10
13,10,84,10
13,11,0,10
13,12,0,10
13,13,14,10
13,14,21,10
13,15,27,10
13,16,0,10
13,17,9,10
13,18,47,10
13,19,49,10
13,20,0,10
13,21,9,10
13,22,0,10
13,23,6,10
13,24,24,10
13,25,37,10
13,26,2,10
13,27,56,10
13,28,0,10
13,29,3,10
13,30,17,10
13,31,24,10
13,32,7,10
13,33,3,10
13,34,3,10
13,35,0,10
14,1,21,10
14,2,5,10
14,3,22,10
14,4,0,10
14,5,0,10
14,6,18,10
14,7,13,10
14,8,57,10
14,9,10,10
14,10,32,10
14,11,10,10
14,12,2,10
14,13,14,10
14,14,4,10
14,15,0,10
14,16,0,10
14,17,14,10
14,18,7,10
14,19,23,10
14,20,0,10
14,21,0,10
14,22,0,10
14,23,4,10
14,24,10,10
14,25,15,10
14,26,3,10
14,27,34,10
14,28,22,10
14,29,0,10
14,30,10,10
14,31,5,10
14,32,2,10
14,33,2,10
14,34,8,10
14,35,0,10
15,1,24,10
15,2,5,10
15,3,3,10
15,4,0,10
15,5,0,10
15,6,29,10
15,7,10,10
15,8,40,10
15,9,26,10
15,10,39,10
15,11,28,10
15,12,0,10
15,13,13,10
15,14,20,10
15,15,2,10
15,16,0,10
15,17,24,10
15,18,34,10
15,19,63,10
15,20,0,10
15,21,12,10
15,22,0,10
15,23,18,10
15,24,35,10
15,25,43,10
15,26,17,10
15,27,26,10
15,28,2,10
15,29,13,10
15,30,13,10
15,31,4,10
15,32,16,10
15,33,8,10
15,34,7,10
15,35,0,10
16,1,13,10
16,2,28,10
16,3,37,10
16,4,7,10
16,5,14,10
16,6,27,10
16,7,19,10
16,8,18,10
16,9,8,10
16,10,43,10
16,11,12,10
16,12,12,10
16,13,5,10
16,14,19,10
16,15,1,10
16,16,14,10
16,17,14,10
16,18,27,10
16,19,29,10
16,20,2,10
16,21,54,10
16,22,9,10
16,23,2,10
16,24,6,10
16,25,37,10
16,26,19,10
16,27,15,10
16,28,0,10
16,29,7,10
16,30,49,10
16,31,14,10
16,32,7,10
16,33,6,10
16,34,2,10
16,35,6,10
17,1,22,10
17,2,15,10
17,3,8,10
17,4,0,10
17,5,0,10
17,6,16,10
17,7,20,10
17,8,20,10
17,9,7,10
17,10,67,10
17,11,6,10
17,12,10,10
17,13,16,10
17,14,4,10
17,15,11,10
17,16,0,10
17,17,27,10
17,18,27,10
17,19,53,10
17,20,0,10
17,21,27,10
17,22,0,10
17,23,13,10
17,24,27,10
17,25,59,10
17,26,25,10
17,27,12,10
17,28,3,10
17,29,16,10
17,30,22,10
17,31,20,10
17,32,15,10
17,33,27,10
17,34,11,10
17,35,0,10
18,1,1,10
18,2,12,10
18,3,64,10
18,4,10,10
18,5,7,10
18,6,22,10
18,7,16,10
18,8,52,10
18,9,50,10
18,10,16,10
18,11,12,10
18,12,3,10
18,13,30,10
18,14,67,10
18,15,5,10
18,16,10,10
18,17,19,10
18,18,29,10
18,19,15,10
18,20,3,10
18,21,29,10
18,22,18,10
18,23,16,10
18,24,26,10
18,25,74,10
18,26,2,10
18,27,40,10
18,28,0,10
18,29,28,10
18,30,15,10
18,31,4,10
18,32,9,10
18,33,9,10
18,34,8,10
18,35,10,10
19,1,5,10
19,2,14,10
19,3,7,10
19,4,18,10
19,5,17,10
19,6,11,10
19,7,16,10
19,8,84,10
19,9,8,10
19,10,45,10
19,11,0,10
19,12,3,10
19,13,7,10
19,14,4,10
19,15,0,10
19,16,2,10
19,17,5,10
19,18,19,10
19,19,37,10
19,20,11,10
19,21,24,10
19,22,3,10
19,23,10,10
19,24,16,10
19,25,18,10
19,26,5,10
19,27,27,10
19,28,6,10
19,29,29,10
19,30,7,10
19,31,4,10
19,32,5,10
19,33,0,10
19,34,15,10
19,35,14,10
20,1,38,10
20,2,2,10
20,3,24,10
20,4,0,10
20,5,0,10
20,6,4,10
20,7,9,10
20,8,26,10
20,9,9,10
20,10,34,10
20,11,3,10
20,12,4,10
20,13,11,10
20,14,6,10
20,15,36,10
20,16,0,10
20,17,23,10
20,18,8,10
20,19,2,10
20,20,0,10
20,21,0,10
20,22,0,10
20,23,12,10
20,24,18,10
20,25,92,10
20,26,12,10
20,27,12,10
20,28,3,10
20,29,9,10
20,30,17,10
20,31,10,10
20,32,9,10
20,33,28,10
20,34,19,10
20,35,0,10
21,1,7,10
21,2,24,10
21,3,74,10
21,4,0,10
21,5,0,10
21,6,10,10
21,7,8,10
21,8,11,10
21,9,26,10
21,10,13,10
21,11,11,10
21,12,21,10
21,13,5,10
21,14,4,10
21,15,9,10
21,16,0,10
21,17,4,10
21,18,6,10
21,19,49,10
21,20,0,10
21,21,14,10
21,22,0,10
21,23,30,10
21,24,19,10
21,25,46,10
21,26,21,10
21,27,54,10
21,28,7,10
21,29,8,10
21,30,49,10
21,31,19,10
21,32,3,10
21,33,16,10
21,34,16,10
21,35,0,10
22,1,10,10
22,2,25,10
22,3,0,10
22,4,6,10
22,5,14,10
22,6,8,10
22,7,30,10
22,8,71,10
22,9,14,10
22,10,64,10
22,11,7,10
22,12,3,10
22,13,19,10
22,14,5,10
22,15,0,10
22,16,3,10
22,17,10,10
22,18,13,10
22,19,17,10
22,20,18,10
22,21,30,10
22,22,4,10
22,23,7,10
22,24,29,10
22,25,6,10
22,26,15,10
22,27,45,10
22,28,0,10
22,29,5,10
22,30,22,10
22,31,34,10
22,32,38,10
22,33,8,10
22,34,6,10
22,35,2,10
23,1,4,10
23,2,11,10
23,3,5,10
23,4,3,10
23,5,4,10
23,6,17,10
23,7,11,10
23,8,32,10
23,9,9,10
23,10,35,10
23,11,18,10
23,12,14,10
23,13,31,10
23,14,7,10
23,15,14,10
23,16,7,10
23,17,9,10
23,18,42,10
23,19,27,10
23,20,2,10
23,21,30,10
23,22,11,10
23,23,8,10
23,24,40,10
23,25,38,10
23,26,15,10
23,27,7,10
23,28,48,10
23,29,9,10
23,30,38,10
23,31,19,10
23,32,11,10
23,33,6,10
23,34,18,10
23,35,4,10
24,1,11,10
24,2,25,10
24,3,13,10
24,4,1,10
24,5,4,10
24,6,46,10
24,7,15,10
24,8,53,10
24,9,19,10
24,10,19,10
24,11,13,10
24,12,0,10
24,13,10,10
24,14,36,10
24,15,0,10
24,16,3,10
24,17,27,10
24,18,20,10
24,19,67,10
24,20,7,10
24,21,0,10
24,22,13,10
24,23,16,10
24,24,4,10
24,25,48,10
24,26,21,10
24,27,50,10
24,28,0,10
24,29,3,10
24,30,50,10
24,31,10,10
24,32,10,10
24,33,4,10
24,34,17,10
24,35,19,10
25,1,8,10
25,2,18,10
25,3,43,10
25,4,0,10
25,5,0,10
25,6,3,10
25,7,7,10
25,8,66,10
25,9,9,10
25,10,8,10
25,11,3,10
25,12,17,10
25,13,23,10
25,14,20,10
25,15,13,10
25,16,0,10
25,17,4,10
25,18,34,10
25,19,28,10
25,20,0,10
25,21,5,10
25,22,0,10
25,23,10,10
25,24,10,10
25,25,80,10
25,26,3,10
25,27,29,10
25,28,16,10
25,29,6,10
25,30,46,10
25,31,0,10
25,32,10,10
25,33,4,10
25,34,23,10
25,35,0,10
26,1,6,10
26,2,15,10
26,3,15,10
26,4,12,10
26,5,8,10
26,6,23,10
26,7,16,10
26,8,22,10
26,9,15,10
26,10,25,10
26,11,2,10
26,12,14,10
26,13,20,10
26,14,2,10
26,15,20,10
26,16,20,10
26,17,6,10
26,18,7,10
26,19,90,10
26,20,6,10
26,21,26,10
26,22,5,10
26,23,4,10
26,24,11,10
26,25,71,10
26,26,4,10
26,27,8,10
26,28,26,10
26,29,3,10
26,30,46,10
26,31,4,10
26,32,2,10
26,33,2,10
26,34,17,10
26,35,8,10
27,1,27,10
27,2,30,10
27,3,55,10
27,4,0,10
27,5,0,10
27,6,7,10
27,7,22,10
27,8,12,10
27,9,6,10
27,10,45,10
27,11,0,10
27,12,5,10
27,13,10,10
27,14,21,10
27,15,3,10
27,16,0,10
27,17,2,10
27,18,18,10
27,19,34,10
27,20,0,10
27,21,2,10
27,22,0,10
27,23,16,10
27,24,46,10
27,25,18,10
27,26,6,10
27,27,11,10
27,28,8,10
27,29,3,10
27,30,37,10
27,31,13,10
27,32,6,10
27,33,7,10
27,34,9,10
27,35,0,10
28,1,6,10
28,2,0,10
28,3,60,10
28,4,0,10
28,5,0,10
28,6,16,10
28,7,10,10
28,8,45,10
28,9,7,10
28,10,8,10
28,11,4,10
28,12,4,10
28,13,2,10
28,14,17,10
28,15,0,10
28,16,0,10
28,17,17,10
28,18,24,10
28,19,13,10
28,20,0,10
28,21,11,10
28,22,0,10
28,23,24,10
28,24,19,10
28,25,10,10
28,26,15,10
28,27,24,10
28,28,3,10
28,29,5,10
28,30,27,10
28,31,18,10
28,32,3,10
28,33,9,10
28,34,19,10
28,35,0,10
29,1,2,10
29,2,15,10
29,3,17,10
29,4,0,10
29,5,0,10
29,6,17,10
29,7,10,10
29,8,10,10
29,9,6,10
29,10,45,10
29,11,8,10
29,12,6,10
29,13,5,10
29,14,5,10
29,15,18,10
29,16,0,10
29,17,25,10
29,18,26,10
29,19,12,10
29,20,0,10
29,21,10,10
29,22,0,10
29,23,37,10
29,24,14,10
29,25,47,10
29,26,2,10
29,27,27,10
29,28,1,10
29,29,6,10
29,30,32,10
29,31,3,10
29,32,7,10
29,33,6,10
29,34,16,10
29,35,0,10
30,1,15,10
30,2,30,10
30,3,10,10
30,4,0,10
30,5,0,10
30,6,18,10
30,7,13,10
30,8,110,10
30,9,59,10
30,10,55,10
30,11,3,10
30,12,8,10
30,13,18,10
30,14,10,10
30,15,9,10
30,16,0,10
30,17,13,10
30,18,9,10
30,19,19,10
30,20,0,10
30,21,18,10
30,22,0,10
30,23,12,10
30,24,23,10
30,25,6,10
30,26,13,10
30,27,29,10
30,28,3,10
30,29,19,10
30,30,21,10
30,31,20,10
30,32,13,10
30,33,10,10
30,34,18,10
30,35,0,10
31,1,5,10
31,2,36,10
31,3,36,10
31,4,0,10
31,5,0,10
31,6,41,10
31,7,18,10
31,8,84,10
31,9,10,10
31,10,139,10
31,11,8,10
31,12,13,10
31,13,19,10
31,14,9,10
31,15,4,10
31,16,0,10
31,17,19,10
31,18,2,10
31,19,95,10
31,20,0,10
31,21,6,10
31,22,0,10
31,23,9,10
31,24,29,10
31,25,94,10
31,26,17,10
31,27,27,10
31,28,10,10
31,29,28,10
31,30,66,10
31,31,39,10
31,32,12,10
31,33,20,10
31,34,20,10
31,35,0,10
32,1,25,10
32,2,10,10
32,3,45,10
32,4,0,10
32,5,0,10
32,6,65,10
32,7,18,10
32,8,56,10
32,9,3,10
32,10,138,10
32,11,6,10
32,12,4,10
32,13,13,10
32,14,27,10
32,15,27,10
32,16,0,10
32,17,8,10
32,18,40,10
32,19,35,10
32,20,0,10
32,21,0,10
32,22,0,10
32,23,23,10
32,24,42,10
32,25,20,10
32,26,11,10
32,27,53,10
32,28,5,10
32,29,4,10
32,30,28,10
32,31,4,10
32,32,8,10
32,33,13,10
32,34,20,10
32,35,0,10
33,1,10,10
33,2,16,10
33,3,21,10
33,4,15,10
33,5,7,10
33,6,8,10
33,7,4,10
33,8,66,10
33,9,3,10
33,10,12,10
33,11,4,10
33,12,17,10
33,13,0,10
33,14,11,10
33,15,0,10
33,16,5,10
33,17,2,10
33,18,15,10
33,19,61,10
33,20,11,10
33,21,13,10
33,22,5,10
33,23,22,10
33,24,27,10
33,25,57,10
33,26,5,10
33,27,6,10
33,28,5,10
33,29,9,10
33,30,39,10
33,31,7,10
33,32,15,10
33,33,9,10
33,34,14,10
33,35,18,10
34,1,5,10
34,2,25,10
34,3,17,10
34,4,15,10
34,5,7,10
34,6,24,10
34,7,5,10
34,8,68,10
34,9,0,10
34,10,57,10
34,11,18,10
34,12,6,10
34,13,3,10
34,14,5,10
34,15,10,10
34,16,7,10
34,17,19,10
34,18,12,10
34,19,14,10
34,20,17,10
34,21,22,10
34,22,15,10
34,23,13,10
34,24,28,10
34,25,131,10
34,26,3,10
34,27,12,10
34,28,13,10
34,29,3,10
34,30,53,10
34,31,30,10
34,32,19,10
34,33,9,10
34,34,17,10
34,35,20,10
35,1,8,10
35,2,37,10
35,3,12,10
35,4,0,10
35,5,0,10
35,6,31,10
35,7,10,10
35,8,77,10
35,9,4,10
35,10,86,10
35,11,8,10
35,12,15,10
35,13,3,10
35,14,38,10
35,15,0,10
35,16,0,10
35,17,10,10
35,18,11,10
35,19,44,10
35,20,0,10
35,21,6,10
35,22,0,10
35,23,5,10
35,24,44,10
35,25,14,10
35,26,5,10
35,27,16,10
35,28,20,10
35,29,11,10
35,30,10,10
35,31,74,10
35,32,20,10
35,33,14,10
35,34,9,10
35,35,0,10
36,1,2,10
36,2,26,10
36,3,26,10
36,4,0,10
36,5,3,10
36,6,27,10
36,7,15,10
36,8,58,10
36,9,19,10
36,10,33,10
36,11,1,10
36,12,1,10
36,13,18,10
36,14,110,10
36,15,2,10
36,16,7,10
36,17,12,10
36,18,4,10
36,19,28,10
36,20,2,10
36,21,33,10
36,22,21,10
36,23,19,10
36,24,9,10
36,25,125,10
36,26,7,10
36,27,46,10
36,28,7,10
36,29,14,10
36,30,15,10
36,31,6,10
36,32,7,10
36,33,21,10
36,34,2,10
36,35,12,10
37,1,23,10
37,2,3,10
37,3,4,10
37,4,4,10
37,5,2,10
37,6,17,10
37,7,16,10
37,8,129,10
37,9,10,10
37,10,34,10
37,11,7,10
37,12,11,10
37,13,21,10
37,14,5,10
37,15,4,10
37,16,6,10
37,17,7,10
37,18,6,10
37,19,69,10
37,20,11,10
37,21,53,10
37,22,9,10
37,23,0,10
37,24,27,10
37,25,34,10
37,26,11,10
37,27,18,10
37,28,4,10
37,29,5,10
37,30,35,10
37,31,14,10
37,32,0,10
37,33,10,10
37,34,13,10
37,35,14,10
38,1,21,10
38,2,34,10
38,3,54,10
38,4,15,10
38,5,20,10
38,6,54,10
38,7,84,10
38,8,94,10
38,9,6,10
38,10,68,10
38,11,2,10
38,12,0,10
38,13,21,10
38,14,7,10
38,15,5,10
38,16,6,10
38,17,24,10
38,18,10,10
38,19,7,10
38,20,11,10
38,21,63,10
38,22,8,10
38,23,27,10
38,24,11,10
38,25,57,10
38,26,17,10
38,27,24,10
38,28,26,10
38,29,25,10
38,30,7,10
38,31,17,10
38,32,20,10
38,33,9,10
38,34,18,10
38,35,2,10
39,1,0,10
39,2,9,10
39,3,13,10
39,4,0,10
39,5,0,10
39,6,11,10
39,7,21,10
39,8,90,10
39,9,6,10
39,10,49,10
39,11,2,10
39,12,3,10
39,13,15,10
39,14,12,10
39,15,0,10
39,16,0,10
39,17,35,10
39,18,22,10
39,19,9,10
39,20,0,10
39,21,5,10
39,22,0,10
39,23,5,10
39,24,58,10
39,25,40,10
39,26,8,10
39,27,16,10
39,28,0,10
39,29,16,10
39,30,19,10
39,31,15,10
39,32,5,10
39,33,14,10
39,34,4,10
39,35,0,10
40,1,10,10
40,2,29,10
40,3,9,10
40,4,0,10
40,5,0,10
40,6,29,10
40,7,4,10
40,8,61,10
40,9,11,10
40,10,66,10
40,11,10,10
40,12,2,10
40,13,2,10
40,14,13,10
40,15,1,10
40,16,0,10
40,17,19,10
40,18,26,10
40,19,23,10
40,20,0,10
40,21,10,10
40,22,0,10
40,23,10,10
40,24,33,10
40,25,13,10
40,26,4,10
40,27,25,10
40,28,0,10
40,29,1,10
40,30,28,10
40,31,5,10
40,32,7,10
40,33,16,10
40,34,5,10
40,35,0,10
41,1,21,10
41,2,19,10
41,3,63,10
41,4,0,10
41,5,8,10
41,6,7,10
41,7,14,10
41,8,32,10
41,9,18,10
41,10,94,10
41,11,0,10
41,12,19,10
41,13,6,10
41,14,6,10
41,15,6,10
41,16,17,10
41,17,3,10
41,18,9,10
41,19,100,10
41,20,17,10
41,21,29,10
41,22,9,10
41,23,19,10
41,24,4,10
41,25,19,10
41,26,2,10
41,27,25,10
41,28,0,10
41,29,0,10
41,30,74,10
41,31,18,10
41,32,29,10
41,33,13,10
41,34,15,10
41,35,10,10
42,1,8,10
42,2,10,10
42,3,32,10
42,4,11,10
42,5,12,10
42,6,29,10
42,7,7,10
42,8,54,10
42,9,30,10
42,10,39,10
42,11,20,10
42,12,10,10
42,13,7,10
42,14,13,10
42,15,3,10
42,16,0,10
42,17,11,10
42,18,21,10
42,19,44,10
42,20,8,10
42,21,69,10
42,22,7,10
42,23,31,10
42,24,69,10
42,25,46,10
42,26,18,10
42,27,23,10
42,28,0,10
42,29,35,10
42,30,9,10
42,31,11,10
42,32,4,10
42,33,18,10
42,34,34,10
42,35,13,10
43,1,24,10
43,2,8,10
43,3,20,10
43,4,0,10
43,5,0,10
43,6,18,10
43,7,25,10
43,8,71,10
43,9,4,10
43,10,49,10
43,11,3,10
43,12,3,10
43,13,12,10
43,14,16,10
43,15,10,10
43,16,0,10
43,17,18,10
43,18,16,10
43,19,17,10
43,20,0,10
43,21,9,10
43,22,0,10
43,23,2,10
43,24,16,10
43,25,55,10
43,26,6,10
43,27,29,10
43,28,4,10
43,29,9,10
43,30,14,10
43,31,18,10
43,32,38,10
43,33,5,10
43,34,7,10
43,35,0,10
44,1,0,10
44,2,4,10
44,3,19,10
44,4,0,10
44,5,14,10
44,6,2,10
44,7,17,10
44,8,33,10
44,9,0,10
44,10,41,10
44,11,0,10
44,12,0,10
44,13,0,10
44,14,7,10
44,15,4,10
44,16,3,10
44,17,10,10
44,18,117,10
44,19,0,10
44,20,0,10
44,21,0,10
44,22,0,10
44,23,0,10
44,24,6,10
44,25,26,10
44,26,0,10
44,27,24,10
44,28,0,10
44,29,0,10
44,30,26,10
44,31,8,10
44,32,29,10
44,33,0,10
44,34,22,10
44,35,0,10
45,1,26,10
45,2,23,10
45,3,63,10
45,4,0,10
45,5,0,10
45,6,8,10
45,7,15,10
45,8,8,10
45,9,0,10
45,10,42,10
45,11,10,10
45,12,8,10
45,13,15,10
45,14,18,10
45,15,19,10
45,16,0,10
45,17,4,10
45,18,14,10
45,19,75,10
45,20,0,10
45,21,14,10
45,22,0,10
45,23,16,10
45,24,26,10
45,25,57,10
45,26,14,10
45,27,14,10
45,28,0,10
45,29,4,10
45,30,36,10
45,31,6,10
45,32,6,10
45,33,7,10
45,34,3,10
45,35,0,10
46,1,11,10
46,2,3,10
46,3,24,10
46,4,0,10
46,5,0,10
46,6,65,10
46,7,15,10
46,8,74,10
46,9,22,10
46,10,71,10
46,11,12,10
46,12,13,10
46,13,6,10
46,14,29,10
46,15,6,10
46,16,0,10
46,17,40,10
46,18,21,10
46,19,58,10
46,20,0,10
46,21,2,10
46,22,0,10
46,23,23,10
46,24,10,10
46,25,37,10
46,26,14,10
46,27,25,10
46,28,1,10
46,29,3,10
46,30,9,10
46,31,13,10
46,32,8,10
46,33,11,10
46,34,24,10
46,35,0,10
47,1,11,10
47,2,15,10
47,3,74,10
47,4,0,10
47,5,0,10
47,6,11,10
47,7,4,10
47,8,70,10
47,9,6,10
47,10,20,10
47,11,10,10
47,12,5,10
47,13,15,10
47,14,11,10
47,15,3,10
47,16,0,10
47,17,8,10
47,18,12,10
47,19,68,10
47,20,0,10
47,21,25,10
47,22,0,10
47,23,29,10
47,24,24,10
47,25,14,10
47,26,23,10
47,27,36,10
47,28,4,10
47,29,10,10
47,30,36,10
47,31,48,10
47,32,6,10
47,33,13,10
47,34,3,10
47,35,0,10
48,1,3,10
48,2,23,10
48,3,35,10
48,4,15,10
48,5,9,10
48,6,6,10
48,7,28,10
48,8,100,10
48,9,13,10
48,10,52,10
48,11,6,10
48,12,1,10
48,13,56,10
48,14,11,10
48,15,3,10
48,16,5,10
48,17,9,10
48,18,10,10
48,19,59,10
48,20,10,10
48,21,8,10
48,22,2,10
48,23,1,10
48,24,40,10
48,25,23,10
48,26,2,10
48,27,17,10
48,28,1,10
48,29,20,10
48,30,49,10
48,31,41,10
48,32,7,10
48,33,0,10
48,34,39,10
48,35,3,10
49,1,30,10
49,2,0,10
49,3,14,10
49,4,19,10
49,5,13,10
49,6,23,10
49,7,24,10
49,8,77,10
49,9,25,10
49,10,36,10
49,11,18,10
49,12,14,10
49,13,18,10
49,14,37,10
49,15,0,10
49,16,1,10
49,17,9,10
49,18,36,10
49,19,48,10
49,20,13,10
49,21,37,10
49,22,8,10
49,23,18,10
49,24,23,10
49,25,23,10
49,26,19,10
49,27,32,10
49,28,10,10
49,29,12,10
49,30,3,10
49,31,51,10
49,32,11,10
49,33,15,10
49,34,2,10
49,35,19,10
50,1,18,10
50,2,49,10
50,3,22,10
50,4,16,10
50,5,3,10
50,6,27,10
50,7,13,10
50,8,51,10
50,9,7,10
50,10,34,10
50,11,20,10
50,12,0,10
50,13,15,10
50,14,32,10
50,15,16,10
50,16,5,10
50,17,6,10
50,18,51,10
50,19,40,10
50,20,17,10
50,21,36,10
50,22,1,10
50,23,23,10
50,24,10,10
50,25,34,10
50,26,9,10
50,27,14,10
50,28,0,10
50,29,15,10
50,30,4,10
50,31,18,10
50,32,9,10
50,33,1,10
50,34,17,10
50,35,8,10
