product_id,product_name,category,units_sold,transactions,sales_velocity,movement_status,current_stock,reorder_level,stock_coverage_days
6,Colorbuds,Electronics,104368,72988,163.59,FAST MOVING,1159,500,7.1
25,PlayDoh Can,Art & Crafts,103128,64834,161.64,FAST MOVING,2129,500,13.2
3,Barrel O' Slime,Art & Crafts,91663,54078,143.67,FAST MOVING,1282,500,8.9
8,Deck Of Cards,Games,84034,68083,131.71,FAST MOVING,2738,500,20.8
19,Magic Sand,Art & Crafts,60598,39293,94.98,FAST MOVING,1922,500,20.2
31,Splash Balls,Sports & Outdoors,60248,41559,94.43,FAST MOVING,893,500,9.5
18,Lego Bricks,Toys,59737,48030,93.63,FAST MOVING,1118,500,11.9
1,Action Figure,Toys,57958,48497,90.84,FAST MOVING,614,500,6.8
30,Rubik's Cube,Games,45672,38703,71.59,FAST MOVING,1497,500,20.9
2,Animal Figures,Toys,39089,32250,61.27,NORMAL,835,500,13.6
9,Dino Egg,Toys,38236,28181,59.93,NORMAL,649,500,10.8
14,Glass Marbles,Games,37518,24507,58.81,NORMAL,795,500,13.5
21,Mini Ping Pong Set,Sports & Outdoors,33604,24378,52.67,NORMAL,974,500,18.5
7,Dart Gun,Sports & Outdoors,31588,26203,49.51,NORMAL,776,500,15.7
10,Dinosaur Figures,Toys,29012,24311,45.47,NORMAL,2272,500,50
24,Nerf Gun,Sports & Outdoors,26543,23709,41.6,NORMAL,1212,500,29.1
17,Kids Makeup Kit,Art & Crafts,24433,21648,38.3,NORMAL,606,500,15.8
27,PlayDoh Toolkit,Art & Crafts,23128,20736,36.25,NORMAL,1387,500,38.3
15,Hot Wheels 5-Pack,Toys,22659,20776,35.52,NORMAL,376,500,10.6
13,Gamer Headphones,Electronics,17958,15543,28.15,NORMAL,637,500,22.6
16,Jenga,Games,13054,12143,20.46,NORMAL,181,500,8.8
11,Etch A Sketch,Art & Crafts,12168,11205,19.07,NORMAL,402,500,21.1
34,Toy Robot,Electronics,11749,10494,18.42,NORMAL,622,500,33.8
23,Mr. Potatohead,Toys,8605,7820,13.49,NORMAL,709,500,52.6
12,Foam Disk Launcher,Sports & Outdoors,7620,6812,11.94,NORMAL,379,500,31.7
32,Supersoaker Water Gun,Sports & Outdoors,6793,6088,10.65,NORMAL,513,500,48.2
33,Teddy Bear,Toys,6416,6034,10.06,SLOW MOVING,483,500,48
26,PlayDoh Playset,Art & Crafts,6298,6067,9.87,SLOW MOVING,550,500,55.7
29,Plush Pony,Toys,5488,5328,8.6,SLOW MOVING,497,500,57.8
5,Classic Dominoes,Games,4471,4269,7.01,SLOW MOVING,241,500,34.4
28,Playfoam,Art & Crafts,4158,2812,6.52,SLOW MOVING,357,500,54.8
4,Chutes & Ladders,Games,3829,3700,6,SLOW MOVING,255,500,42.5
22,Monopoly,Games,3385,3002,5.31,SLOW MOVING,207,500,39
35,Uno Card Game,Games,2710,2599,4.25,SLOW MOVING,241,500,56.7
20,Mini Basketball Hoop,Sports & Outdoors,2647,2582,4.15,SLOW MOVING,234,500,56.4
