sale_date,units_sold,transaction_count,calculated_revenue
2017-01-01,1485,1164,21076.15
2017-01-02,1406,1011,19750.94
2017-01-03,750,603,11759.5
2017-01-04,960,749,14814.4
2017-01-05,1370,1046,19791.3
2017-01-06,1746,1285,25685.54
2017-01-07,1379,1119,21927.21
2017-01-08,1800,1248,22253
2017-01-09,833,711,12262.67
2017-01-10,860,735,11709.4
2017-01-11,888,741,12995.12
2017-01-12,922,718,12845.78
2017-01-13,1288,989,19013.12
2017-01-14,1511,1209,20650.89
2017-01-15,1814,1412,24218.86
2017-01-16,806,631,11565.94
2017-01-17,959,745,14874.41
2017-01-18,822,696,12351.78
2017-01-19,974,770,14573.26
2017-01-20,1052,875,15907.48
2017-01-21,1858,1328,25991.42
2017-01-22,1508,1296,21761.92
2017-01-23,1031,785,14891.69
2017-01-24,1008,813,13735.92
2017-01-25,953,808,13817.47
2017-01-26,877,766,12124.23
2017-01-27,1085,953,18862.15
2017-01-28,1912,1308,25970.88
2017-01-29,1948,1477,23398.52
2017-01-30,1230,896,18029.7
2017-01-31,974,660,13944.26
2017-02-01,1012,767,14300.88
2017-02-02,1261,1073,18529.39
2017-02-03,1500,1187,20273
2017-02-04,1635,1329,23609.65
2017-02-05,2186,1502,30797.14
2017-02-06,1035,902,15315.65
2017-02-07,1164,969,18292.36
2017-02-08,900,688,14845
2017-02-09,924,704,14147.76
2017-02-10,1251,887,21282.49
2017-02-11,1678,1259,25007.22
2017-02-12,2176,1661,33215.24
2017-02-13,1048,834,15924.52
2017-02-14,1085,905,15417.15
2017-02-15,1086,872,16534.14
2017-02-16,1103,870,17981.97
2017-02-17,1398,1040,18741.02
2017-02-18,1657,1166,20677.43
2017-02-19,1348,1109,19689.52
2017-02-20,1113,891,14873.87
2017-02-21,1020,742,14105.8
2017-02-22,1063,922,16226.37
2017-02-23,1127,939,16500.73
2017-02-24,1376,1122,20422.24
2017-02-25,1674,1100,25595.26
2017-02-26,1874,1435,23076.26
2017-02-27,1180,939,18524.2
2017-02-28,1061,837,17445.39
2017-03-01,1044,844,14666.56
2017-03-02,1224,961,17630.76
2017-03-03,1335,1031,19433.65
2017-03-04,2046,1646,29326.54
2017-03-05,1830,1317,28235.7
2017-03-06,970,720,14313.3
2017-03-07,777,608,10910.23
2017-03-08,967,722,13766.33
2017-03-09,1060,911,15598.4
2017-03-10,1466,1090,23253.34
2017-03-11,1249,1010,20045.51
2017-03-12,2495,1865,37479.05
2017-03-13,914,740,14673.86
2017-03-14,909,695,13931.91
2017-03-15,1089,915,16262.11
2017-03-16,1261,982,20286.39
2017-03-17,1585,1180,23275.15
2017-03-18,2060,1580,28975.4
2017-03-19,1754,1384,22069.46
2017-03-20,1368,1121,17767.32
2017-03-21,861,695,12728.39
2017-03-22,796,686,12372.04
2017-03-23,1171,920,18201.29
2017-03-24,1424,1089,20271.76
2017-03-25,1381,1121,19803.19
2017-03-26,1580,1193,22304.2
2017-03-27,992,798,14978.08
2017-03-28,928,802,12704.72
2017-03-29,1052,822,16641.48
2017-03-30,984,783,16944.16
2017-03-31,1409,1145,20634.91
2017-04-01,1852,1374,27991.48
2017-04-02,1663,1265,22093.37
2017-04-03,1262,955,19293.38
2017-04-04,1307,978,20536.93
2017-04-05,1348,979,19536.52
2017-04-06,871,719,12651.29
2017-04-07,1697,1327,24950.03
2017-04-08,2033,1452,27254.67
2017-04-09,1746,1343,25885.54
2017-04-10,1597,1162,25429.03
2017-04-11,1238,1000,16922.62
2017-04-12,1705,1311,26023.95
2017-04-13,2051,1604,28014.49
2017-04-14,2009,1384,27130.91
2017-04-15,1639,1226,23397.61
2017-04-16,1455,1165,22008.45
2017-04-17,1379,1107,19941.21
2017-04-18,963,788,13493.37
2017-04-19,1078,893,15860.22
2017-04-20,995,743,15048.05
2017-04-21,1586,1212,20295.14
2017-04-22,1951,1427,29733.49
2017-04-23,1875,1437,25983.25
2017-04-24,1283,952,17700.17
2017-04-25,932,785,14915.68
2017-04-26,999,808,15058.01
2017-04-27,1402,1017,17219.98
2017-04-28,1646,1268,24564.54
2017-04-29,2233,1672,34591.67
2017-04-30,3307,2363,47547.93
2017-05-01,1877,1521,26828.23
2017-05-02,1328,1002,16838.72
2017-05-03,1296,1088,20093.04
2017-05-04,1377,1078,19983.23
2017-05-05,1592,1210,21837.08
2017-05-06,2143,1616,29438.57
2017-05-07,2077,1583,30405.23
2017-05-08,987,796,13630.13
2017-05-09,931,760,13636.69
2017-05-10,1593,1296,28237.07
2017-05-11,1033,875,14570.67
2017-05-12,1615,1157,22109.85
2017-05-13,1894,1428,26758.06
2017-05-14,2000,1533,29181
2017-05-15,1657,1234,25171.43
2017-05-16,1050,856,15644.5
2017-05-17,1208,961,15634.92
2017-05-18,1110,899,15380.9
2017-05-19,1512,1203,21252.88
2017-05-20,2138,1738,30884.62
2017-05-21,1821,1505,25170.79
2017-05-22,1288,1095,17344.12
2017-05-23,1075,881,15195.25
2017-05-24,1090,865,14285.1
2017-05-25,1566,1246,21541.34
2017-05-26,1418,1220,19488.82
2017-05-27,2156,1582,29619.44
2017-05-28,2066,1640,32109.34
2017-05-29,1264,1077,17689.36
2017-05-30,1063,858,13690.37
2017-05-31,1685,1261,28719.15
2017-06-01,1156,996,16440.44
2017-06-02,1621,1188,22048.79
2017-06-03,2133,1528,28782.67
2017-06-04,2401,1677,33961.99
2017-06-05,1312,1026,18328.88
2017-06-06,1158,889,19318.42
2017-06-07,978,737,16659.22
2017-06-08,1340,1021,20770.6
2017-06-09,1774,1292,23169.26
2017-06-10,2032,1601,27706.68
2017-06-11,1784,1430,26084.16
2017-06-12,1079,860,15761.21
2017-06-13,1142,830,16971.58
2017-06-14,1514,1209,22270.86
2017-06-15,1764,1268,24799.36
2017-06-16,1444,1176,21779.56
2017-06-17,2032,1566,27729.68
2017-06-18,2508,1662,38576.92
2017-06-19,1632,1258,21782.68
2017-06-20,1227,998,17530.73
2017-06-21,1239,874,16819.61
2017-06-22,1323,869,16416.77
2017-06-23,1607,1167,21403.93
2017-06-24,1823,1437,24500.77
2017-06-25,2065,1491,26236.35
2017-06-26,1306,1082,19184.94
2017-06-27,1288,1008,17665.12
2017-06-28,1281,982,16884.19
2017-06-29,1636,1206,20935.64
2017-06-30,1579,1187,21459.21
2017-07-01,2060,1604,26155.4
2017-07-02,2057,1516,27424.43
2017-07-03,1325,963,17841.75
2017-07-04,1173,962,17346.27
2017-07-05,1131,916,14114.69
2017-07-06,1041,868,12680.59
2017-07-07,1299,957,14813.01
2017-07-08,1931,1323,21839.69
2017-07-09,1866,1446,22328.34
2017-07-10,1185,897,14782.15
2017-07-11,1052,886,13813.48
2017-07-12,1193,888,13743.07
2017-07-13,1459,1080,17182.41
2017-07-14,1471,1161,16569.29
2017-07-15,2064,1449,22967.36
2017-07-16,2226,1691,26921.74
2017-07-17,1620,1144,17839.8
2017-07-18,1214,880,14421.86
2017-07-19,1369,991,14591.31
2017-07-20,1100,864,12636
2017-07-21,1447,1151,17040.53
2017-07-22,1724,1245,20269.76
2017-07-23,1914,1482,23726.86
2017-07-24,1236,887,13915.64
2017-07-25,1021,852,12140.79
2017-07-26,1177,920,13898.23
2017-07-27,1051,773,13692.49
2017-07-28,1836,1292,19466.64
2017-07-29,1816,1448,22363.84
2017-07-30,1709,1351,22023.91
2017-07-31,1410,1028,17482.9
2017-08-01,1271,1026,16296.29
2017-08-02,1291,989,16122.09
2017-08-03,1475,1223,18359.25
2017-08-04,1395,1116,16217.05
2017-08-05,1609,1185,17496.91
2017-08-06,1715,1294,20034.85
2017-08-07,1060,877,13095.4
2017-08-08,1061,821,10981.39
2017-08-09,1146,886,13063.54
2017-08-10,1332,991,15096.68
2017-08-11,1373,1103,16386.27
2017-08-12,1749,1325,19294.51
2017-08-13,1920,1411,22077.8
2017-08-14,1215,891,14273.85
2017-08-15,865,715,10633.35
2017-08-16,1233,1006,13576.67
2017-08-17,1144,906,13942.56
2017-08-18,1309,1009,16403.91
2017-08-19,1787,1331,22561.13
2017-08-20,1743,1374,20260.57
2017-08-21,871,777,11514.29
2017-08-22,908,779,12134.92
2017-08-23,1003,811,13129.97
2017-08-24,1213,911,16679.87
2017-08-25,1281,1051,16590.19
2017-08-26,1723,1299,21164.77
2017-08-27,1653,1313,22047.47
2017-08-28,998,821,13047.02
2017-08-29,763,621,11966.37
2017-08-30,826,711,11450.74
2017-08-31,995,731,13523.05
2017-09-01,1364,1075,18810.36
2017-09-02,1844,1427,23470.56
2017-09-03,2090,1620,25560.1
2017-09-04,1104,930,15851.96
2017-09-05,931,705,11756.69
2017-09-06,885,759,15569.15
2017-09-07,1026,777,13883.74
2017-09-08,1294,1081,19968.06
2017-09-09,1512,1163,21117.88
2017-09-10,1566,1384,23817.34
2017-09-11,875,799,13934.25
2017-09-12,740,609,10628.6
2017-09-13,1009,849,14888.91
2017-09-14,972,724,15192.28
2017-09-15,1487,1290,22159.13
2017-09-16,2854,2040,41578.46
2017-09-17,2094,1672,25027.06
2017-09-18,1210,1020,15750.9
2017-09-19,1164,909,17477.36
2017-09-20,1035,822,12843.65
2017-09-21,1059,838,15110.41
2017-09-22,1661,1201,21090.39
2017-09-23,2066,1465,27625.34
2017-09-24,2000,1461,24535
2017-09-25,1358,1074,20357.42
2017-09-26,962,718,15080.38
2017-09-27,1489,1052,20658.11
2017-09-28,1124,899,14872.76
2017-09-29,1418,1096,18156.82
2017-09-30,2003,1508,29070.97
2017-10-01,1937,1548,26838.63
2017-10-02,1002,833,14750.98
2017-10-03,1074,854,15169.26
2017-10-04,1086,904,15214.14
2017-10-05,988,856,13591.12
2017-10-06,1273,1045,15301.27
2017-10-07,1939,1403,22872.61
2017-10-08,2186,1573,28680.14
2017-10-09,1176,1009,15325.24
2017-10-10,1260,1034,18777.4
2017-10-11,995,858,12931.05
2017-10-12,1215,1039,16601.85
2017-10-13,1735,1235,23486.65
2017-10-14,2523,1673,34500.77
2017-10-15,2307,1727,30922.93
2017-10-16,1144,923,15343.56
2017-10-17,1117,854,12832.83
2017-10-18,1331,1001,17880.69
2017-10-19,1361,1023,19271.39
2017-10-20,1520,1077,19788.8
2017-10-21,2305,1719,30063.95
2017-10-22,2135,1642,27044.65
2017-10-23,1379,1058,15953.21
2017-10-24,1074,937,14961.26
2017-10-25,1311,846,14684.89
2017-10-26,1270,972,16823.3
2017-10-27,1980,1561,26428.2
2017-10-28,2310,1593,25067.9
2017-10-29,2347,1627,30136.53
2017-10-30,1137,949,15803.63
2017-10-31,1444,1078,16825.56
2017-11-01,1556,1232,21411.44
2017-11-02,2012,1560,25827.88
2017-11-03,2100,1543,23569
2017-11-04,2292,1776,28352.08
2017-11-05,2033,1546,26143.67
2017-11-06,1170,950,15484.3
2017-11-07,948,859,11425.52
2017-11-08,1189,831,16376.11
2017-11-09,1205,908,16761.95
2017-11-10,1785,1240,24836.15
2017-11-11,2438,1792,31177.62
2017-11-12,2302,1683,30580.98
2017-11-13,1063,953,15114.37
2017-11-14,1156,910,14316.44
2017-11-15,1619,1325,20727.81
2017-11-16,1379,1131,20074.21
2017-11-17,2021,1522,26082.79
2017-11-18,2735,1917,33901.65
2017-11-19,2481,1723,31181.19
2017-11-20,1865,1430,23742.35
2017-11-21,1204,943,15781.96
2017-11-22,1651,1262,20448.49
2017-11-23,1274,1035,16954.26
2017-11-24,1683,1305,21788.17
2017-11-25,2660,2039,33520.4
2017-11-26,2267,1752,27190.33
2017-11-27,1047,783,13230.53
2017-11-28,1086,887,16757.14
2017-11-29,1495,979,18545.05
2017-11-30,1469,1143,20000.31
2017-12-01,2518,1859,34491.82
2017-12-02,2460,1793,31314.4
2017-12-03,2635,1831,34293.65
2017-12-04,1505,1144,22753.95
2017-12-05,1240,992,17257.6
2017-12-06,1269,952,17936.31
2017-12-07,1842,1365,23897.58
2017-12-08,1815,1526,24669.85
2017-12-09,2843,1862,34042.57
2017-12-10,2528,1837,32442.72
2017-12-11,1430,1189,19476.7
2017-12-12,1349,1141,15286.51
2017-12-13,1532,1175,22860.68
2017-12-14,1893,1488,26915.07
2017-12-15,2402,1696,32265.98
2017-12-16,2780,1811,36086.2
2017-12-17,2405,1739,29263.95
2017-12-18,1846,1345,24449.54
2017-12-19,1787,1486,24269.13
2017-12-20,2254,1476,28915.46
2017-12-21,2431,1768,33507.69
2017-12-22,2246,1596,29322.54
2017-12-23,2455,1693,32982.45
2017-12-24,3586,2450,50900.14
2017-12-25,2869,2102,38525.31
2017-12-26,1660,1252,21157.4
2017-12-27,1599,1165,20781.01
2017-12-28,1465,1075,19095.35
2017-12-29,2114,1624,28013.86
2017-12-30,2288,1743,30857.12
2017-12-31,2985,2205,39171.15
2018-01-01,1991,1515,28145.09
2018-01-02,1866,1391,24024.34
2018-01-03,1538,1226,19537.62
2018-01-04,1396,1074,19031.04
2018-01-05,2191,1565,31970.09
2018-01-06,3388,2390,50269.12
2018-01-07,2179,1799,27878.21
2018-01-08,1396,1107,19043.04
2018-01-09,1080,871,15077.2
2018-01-10,1223,979,15776.77
2018-01-11,1368,1124,16779.32
2018-01-12,1844,1357,24457.56
2018-01-13,2748,1833,32672.52
2018-01-14,2948,2114,35481.52
2018-01-15,1317,1098,19602.83
2018-01-16,1356,1133,18660.44
2018-01-17,1202,1045,15984.98
2018-01-18,1224,942,17100.76
2018-01-19,1817,1319,24193.83
2018-01-20,2352,1616,27172.48
2018-01-21,2366,1790,31940.34
2018-01-22,1448,1097,19420.52
2018-01-23,1297,976,18310.03
2018-01-24,1577,1139,19051.23
2018-01-25,1529,1142,18777.71
2018-01-26,2128,1537,27810.72
2018-01-27,2527,1839,30060.73
2018-01-28,2796,1986,38093.04
2018-01-29,1380,1126,20273.2
2018-01-30,1523,1089,19511.77
2018-01-31,1483,1199,21088.17
2018-02-01,1933,1372,25895.67
2018-02-02,2031,1562,25927.69
2018-02-03,3305,2236,41929.95
2018-02-04,2845,2129,38044.55
2018-02-05,2112,1600,26608.88
2018-02-06,1403,1160,19390.97
2018-02-07,1685,1045,20754.15
2018-02-08,1147,874,15263.53
2018-02-09,1780,1308,21720.2
2018-02-10,2377,1829,31800.23
2018-02-11,2677,1884,37367.23
2018-02-12,1416,1124,18672.84
2018-02-13,1566,1174,24091.34
2018-02-14,1876,1360,26722.24
2018-02-15,1513,1175,19573.87
2018-02-16,2055,1411,25016.45
2018-02-17,2811,2012,38931.89
2018-02-18,3011,2186,38400.89
2018-02-19,1458,1078,17785.42
2018-02-20,1623,1230,24116.77
2018-02-21,1250,914,14871.5
2018-02-22,1561,1171,21514.39
2018-02-23,2138,1481,27770.62
2018-02-24,2264,1758,30487.36
2018-02-25,2360,1816,29550.4
2018-02-26,1247,1044,17269.53
2018-02-27,1437,1103,18855.63
2018-02-28,1700,1397,24298
2018-03-01,1422,1077,19047.78
2018-03-02,2225,1617,31051.75
2018-03-03,2838,1888,35554.62
2018-03-04,2772,1967,35887.28
2018-03-05,1394,1157,19488.06
2018-03-06,1371,1044,17626.29
2018-03-07,1334,1031,14066.66
2018-03-08,1332,1068,17248.68
2018-03-09,2086,1506,25681.14
2018-03-10,3302,2222,53025.98
2018-03-11,2804,1904,37596.96
2018-03-12,1198,951,16284.02
2018-03-13,1398,1158,16939.02
2018-03-14,1491,1178,20115.09
2018-03-15,1860,1313,22630.4
2018-03-16,2327,1695,30240.73
2018-03-17,3202,2181,38340.98
2018-03-18,3434,2274,43993.66
2018-03-19,2151,1619,24394.49
2018-03-20,1477,1163,18582.23
2018-03-21,1689,1286,21708.11
2018-03-22,1599,1207,22338.01
2018-03-23,2326,1670,27253.74
2018-03-24,3256,2227,41811.44
2018-03-25,2984,2019,36427.16
2018-03-26,2159,1600,25654.41
2018-03-27,1548,1279,19888.52
2018-03-28,2589,1940,33501.11
2018-03-29,3144,2063,38191.56
2018-03-30,3774,2461,46040.26
2018-03-31,2850,2053,32905.5
2018-04-01,3153,2258,38938.47
2018-04-02,1545,1347,19898.55
2018-04-03,1494,1302,21224.06
2018-04-04,1411,1216,17920.89
2018-04-05,1545,1185,17403.55
2018-04-06,2249,1689,29715.51
2018-04-07,3222,2134,37734.78
2018-04-08,3283,2276,42948.17
2018-04-09,1491,1129,19371.09
2018-04-10,1765,1241,20387.35
2018-04-11,1500,1113,18633
2018-04-12,1635,1262,21554.65
2018-04-13,2052,1534,23645.48
2018-04-14,3149,2124,38001.51
2018-04-15,2920,2123,31417.8
2018-04-16,1722,1307,22586.78
2018-04-17,1645,1232,23488.55
2018-04-18,1216,969,15244.84
2018-04-19,1639,1118,21394.61
2018-04-20,1748,1393,21657.52
2018-04-21,2862,2106,34526.38
2018-04-22,3164,2076,37297.36
2018-04-23,1381,1117,18358.19
2018-04-24,1245,1025,16657.55
2018-04-25,1214,910,14963.86
2018-04-26,1686,1359,20729.14
2018-04-27,2234,1581,31565.66
2018-04-28,2920,2077,36815.8
2018-04-29,3408,2464,46766.92
2018-04-30,5095,3101,66843.05
2018-05-01,2271,1624,30235.29
2018-05-02,1612,1325,23337.88
2018-05-03,1626,1218,20007.74
2018-05-04,2495,1917,32400.05
2018-05-05,2426,1779,28105.74
2018-05-06,3041,2132,38582.59
2018-05-07,1552,1215,20703.48
2018-05-08,1202,1001,15291.98
2018-05-09,1546,1294,18179.54
2018-05-10,1995,1530,25467.05
2018-05-11,2073,1630,30225.27
2018-05-12,2809,2108,34763.91
2018-05-13,2855,2006,38913.45
2018-05-14,2054,1514,26570.46
2018-05-15,1977,1478,24904.23
2018-05-16,1402,1120,18351.98
2018-05-17,1697,1401,24975.03
2018-05-18,2372,1847,29482.28
2018-05-19,2920,2117,36487.8
2018-05-20,3312,2345,41633.88
2018-05-21,1466,1178,20881.34
2018-05-22,1422,1194,19507.78
2018-05-23,1761,1380,20939.39
2018-05-24,1609,1365,19332.91
2018-05-25,2406,1902,30386.94
2018-05-26,2703,1949,31626.97
2018-05-27,3021,2246,40444.79
2018-05-28,1514,1204,20514.86
2018-05-29,1396,1141,20272.04
2018-05-30,1561,1163,18712.39
2018-05-31,1755,1319,24080.45
2018-06-01,2242,1736,26593.58
2018-06-02,3158,2169,36058.42
2018-06-03,3225,2151,40542.75
2018-06-04,1530,1128,20545.7
2018-06-05,1505,1225,19878.95
2018-06-06,1541,1256,18017.59
2018-06-07,1424,1074,16593.76
2018-06-08,2217,1751,28744.83
2018-06-09,2571,1956,33360.29
2018-06-10,2516,1949,31385.84
2018-06-11,1490,1197,20292.1
2018-06-12,1485,1303,19271.15
2018-06-13,1638,1190,19566.62
2018-06-14,2145,1654,26336.55
2018-06-15,2610,1627,31803.9
2018-06-16,2981,2221,37039.19
2018-06-17,3288,2416,41285.12
2018-06-18,1776,1524,25204.24
2018-06-19,1356,978,16620.44
2018-06-20,1687,1331,21733.13
2018-06-21,1951,1400,22309.49
2018-06-22,1982,1530,26552.18
2018-06-23,2804,1967,36341.96
2018-06-24,3069,2351,37407.31
2018-06-25,1931,1459,24395.69
2018-06-26,1571,1377,21688.29
2018-06-27,1742,1339,21431.58
2018-06-28,1916,1400,26032.84
2018-06-29,2026,1606,23710.74
2018-06-30,2898,2156,37555.02
2018-07-01,2834,2153,38506.66
2018-07-02,1820,1382,24444.8
2018-07-03,1714,1417,20968.86
2018-07-04,1730,1284,22411.7
2018-07-05,1864,1397,22194.36
2018-07-06,2101,1642,25649.99
2018-07-07,2677,1933,33627.23
2018-07-08,2489,2045,32731.11
2018-07-09,2029,1627,28881.71
2018-07-10,1431,1230,16294.69
2018-07-11,1649,1247,20699.51
2018-07-12,1933,1302,28684.67
2018-07-13,2203,1644,27952.97
2018-07-14,2561,1942,35602.39
2018-07-15,2867,2164,41256.33
2018-07-16,1801,1335,21077.99
2018-07-17,1591,1153,21816.09
2018-07-18,1622,1213,23493.78
2018-07-19,1578,1285,22066.22
2018-07-20,2495,1807,33638.05
2018-07-21,2074,1624,24877.26
2018-07-22,2810,1967,32427.9
2018-07-23,1891,1421,25438.09
2018-07-24,1391,1131,18573.09
2018-07-25,1527,1218,19055.73
2018-07-26,1726,1382,19428.74
2018-07-27,1836,1531,25892.64
2018-07-28,2787,2054,34240.13
2018-07-29,2780,2083,36990.2
2018-07-30,1710,1329,21495.9
2018-07-31,2093,1566,27930.07
2018-08-01,1538,1226,22062.62
2018-08-02,1465,1214,19623.35
2018-08-03,1915,1525,26137.85
2018-08-04,2186,1716,25200.14
2018-08-05,2324,1706,28144.76
2018-08-06,1521,1204,19055.79
2018-08-07,1396,1147,17117.04
2018-08-08,1558,1141,19748.42
2018-08-09,1477,1199,19646.23
2018-08-10,1654,1401,21952.46
2018-08-11,2115,1683,29705.85
2018-08-12,2470,1935,28848.3
2018-08-13,1271,1050,15570.29
2018-08-14,1444,1144,16816.56
2018-08-15,1376,1125,19105.24
2018-08-16,1648,1314,21281.52
2018-08-17,1852,1522,25472.48
2018-08-18,2277,1737,29893.23
2018-08-19,2225,1668,29331.75
2018-08-20,1059,939,13889.41
2018-08-21,1087,825,11816.13
2018-08-22,1323,1036,16914.77
2018-08-23,1272,958,15481.28
2018-08-24,1269,1015,17107.31
2018-08-25,2530,1999,32789.7
2018-08-26,2214,1702,29466.86
2018-08-27,1161,936,15034.39
2018-08-28,1010,904,14030.9
2018-08-29,1157,1013,14454.43
2018-08-30,1407,1058,17558.93
2018-08-31,1992,1537,27619.08
2018-09-01,2696,2036,36835.04
2018-09-02,2607,2057,33415.93
2018-09-03,1090,810,13760.1
2018-09-04,1194,955,14439.06
2018-09-05,1021,882,12363.79
2018-09-06,1128,1011,14114.72
2018-09-07,1543,1331,22064.57
2018-09-08,2291,1772,32290.09
2018-09-09,2470,1852,28499.3
2018-09-10,1021,897,12911.79
2018-09-11,1160,864,14724.4
2018-09-12,1254,979,18551.46
2018-09-13,1220,1084,14708.8
2018-09-14,1700,1302,22453
2018-09-15,2576,1993,31409.24
2018-09-16,2714,1964,30988.86
2018-09-17,1275,1094,15656.25
2018-09-18,1163,980,15528.37
2018-09-19,1287,1083,16565.13
2018-09-20,1399,1228,18216.01
2018-09-21,1984,1475,23879.16
2018-09-22,2502,1930,30007.98
2018-09-23,2494,2142,31246.06
2018-09-24,988,920,13122.12
2018-09-25,1164,972,13157.36
2018-09-26,1151,1010,15518.49
2018-09-27,1396,1110,18351.04
2018-09-28,2307,1813,25940.93
2018-09-29,2790,2274,32757.1
2018-09-30,2567,2010,34718.33
