sku,product_name,category,size,color,quantity_on_hand,reorder_point,cost_per_unit,retail_price,last_restock_date,units_sold_30d,supplier,season,inventory_value,revenue_30d,gross_margin_30d,itr_annualised,days_of_stock,fsn_rank,fsn_class,abc_class,rev_share,cum_rev_share,stock_status,priority_tag
RET001,Classic White T-Shirt,Tops,S,White,42,15,8.5,24.0,2024-02-01,28,Bella Basics,Spring/Summer,357.0,672.0,434.0,8.0,45.0,35.0,Non-moving,C,0.011133938630790641,0.9535754523162568,Healthy,Discontinue candidate
RET002,Classic White T-Shirt,Tops,M,White,38,20,8.5,24.0,2024-02-01,35,Bella Basics,Spring/Summer,323.0,840.0,542.5,11.052631578947368,32.57142857142857,14.0,Slow-moving,A,0.013917423288488303,0.7922161839750812,Healthy,High-value at risk - investigate
RET003,Classic White T-Shirt,Tops,L,White,45,20,8.5,24.0,2024-02-01,32,Bella Basics,Spring/Summer,382.5,768.0,496.0,8.533333333333333,42.1875,30.0,Non-moving,B,0.012724501292332163,0.8715620650805224,Healthy,Routine review
RET004,Classic White T-Shirt,Tops,XL,White,28,15,8.5,24.0,2024-02-01,18,Bella Basics,Spring/Summer,238.0,432.0,279.0,7.714285714285714,46.66666666666667,40.0,Non-moving,C,0.007157531976936841,0.9999999999999999,Healthy,Discontinue candidate
RET005,Floral Midi Dress,Dresses,S,Multi,8,5,32.0,89.0,2024-01-15,12,Summer Styles Co,Spring/Summer,256.0,1068.0,684.0,18.0,20.0,9.0,Fast-moving,A,0.017695009609649412,0.6365730001988203,Healthy,Critical - protect availability
RET006,Floral Midi Dress,Dresses,M,Multi,5,8,32.0,89.0,2024-01-15,15,Summer Styles Co,Spring/Summer,160.0,1335.0,855.0,36.0,10.0,4.0,Fast-moving,A,0.02211876201206177,0.48454171913314337,Reorder Now,Critical - protect availability
RET007,Floral Midi Dress,Dresses,L,Multi,12,8,32.0,89.0,2024-01-15,9,Summer Styles Co,Spring/Summer,384.0,801.0,513.0,9.0,40.0,22.0,Slow-moving,B,0.01327125720723706,0.8328583736496786,Healthy,Routine review
RET008,Denim Jacket,Outerwear,S,Blue,15,8,38.0,98.0,2024-01-20,7,Denim Dreams,Year-Round,570.0,686.0,420.0,5.6,64.28571428571428,49.0,Non-moving,B,0.01136589568559878,0.9197759957584997,Healthy,Routine review
RET009,Denim Jacket,Outerwear,M,Blue,18,10,38.0,98.0,2024-01-20,12,Denim Dreams,Year-Round,684.0,1176.0,720.0,8.0,45.0,36.0,Non-moving,A,0.019484392603883623,0.5440221353303731,Healthy,High-value at risk - investigate
RET010,Denim Jacket,Outerwear,L,Blue,22,10,38.0,98.0,2024-01-20,8,Denim Dreams,Year-Round,836.0,784.0,480.0,4.363636363636363,82.5,50.0,Non-moving,B,0.01298959506925575,0.8588375637881902,Healthy,Routine review
RET011,High-Waisted Jeans,Bottoms,26,Dark Wash,12,8,28.0,78.0,2024-02-03,15,Denim Dreams,Year-Round,336.0,1170.0,750.0,15.0,24.0,11.0,Slow-moving,A,0.01938498243753728,0.5634071177679104,Healthy,High-value at risk - investigate
RET012,High-Waisted Jeans,Bottoms,28,Dark Wash,18,12,28.0,78.0,2024-02-03,22,Denim Dreams,Year-Round,504.0,1716.0,1100.0,14.666666666666666,24.545454545454547,12.0,Slow-moving,A,0.028431307575054677,0.3630127907747366,Healthy,High-value at risk - investigate
RET013,High-Waisted Jeans,Bottoms,30,Dark Wash,24,12,28.0,78.0,2024-02-03,18,Denim Dreams,Year-Round,672.0,1404.0,900.0,9.0,40.0,23.0,Slow-moving,A,0.023261978925044734,0.4624229571210816,Healthy,High-value at risk - investigate
RET014,High-Waisted Jeans,Bottoms,32,Dark Wash,15,10,28.0,78.0,2024-02-03,12,Denim Dreams,Year-Round,420.0,936.0,600.0,9.6,37.5,18.0,Slow-moving,A,0.015507985950029822,0.7186857976009013,Healthy,High-value at risk - investigate
RET015,Striped Boatneck Top,Tops,S,Navy/White,22,10,12.5,36.0,2024-01-28,18,Bella Basics,Spring/Summer,275.0,648.0,423.0,9.818181818181818,36.66666666666667,17.0,Slow-moving,C,0.010736297965405261,0.964311750281662,Healthy,Routine review
RET016,Striped Boatneck Top,Tops,M,Navy/White,28,12,12.5,36.0,2024-01-28,24,Bella Basics,Spring/Summer,350.0,864.0,564.0,10.285714285714286,35.0,15.0,Slow-moving,A,0.014315063953873683,0.7782987606865929,Healthy,High-value at risk - investigate
RET017,Striped Boatneck Top,Tops,L,Navy/White,25,12,12.5,36.0,2024-01-28,19,Bella Basics,Spring/Summer,312.5,684.0,446.5,9.12,39.473684210526315,21.0,Slow-moving,B,0.011332758963483331,0.9424415136854662,Healthy,Routine review
RET018,Leather Crossbody Bag,Accessories,One Size,Tan,8,5,42.0,118.0,2024-01-10,14,Luxe Leather Co,Year-Round,336.0,1652.0,1064.0,21.0,17.142857142857142,8.0,Fast-moving,A,0.027370932467360328,0.3903837232420969,Healthy,Critical - protect availability
RET019,Leather Crossbody Bag,Accessories,One Size,Black,12,8,42.0,118.0,2024-01-10,18,Luxe Leather Co,Year-Round,504.0,2124.0,1368.0,18.0,20.0,10.0,Fast-moving,A,0.035191198886606136,0.27085956657167476,Healthy,Critical - protect availability
RET020,Linen Wide-Leg Pants,Bottoms,S,Beige,18,8,24.0,68.0,2024-02-05,12,Summer Styles Co,Spring/Summer,432.0,816.0,528.0,8.0,45.0,37.0,Non-moving,B,0.013519782623102923,0.8195871164424415,Healthy,Routine review
RET021,Linen Wide-Leg Pants,Bottoms,M,Beige,22,10,24.0,68.0,2024-02-05,16,Summer Styles Co,Spring/Summer,528.0,1088.0,704.0,8.727272727272727,41.25,29.0,Non-moving,A,0.018026376830803898,0.6188779905891709,Healthy,High-value at risk - investigate
RET022,Linen Wide-Leg Pants,Bottoms,L,Beige,19,10,24.0,68.0,2024-02-05,11,Summer Styles Co,Spring/Summer,456.0,748.0,484.0,6.947368421052632,51.81818181818182,48.0,Non-moving,B,0.012393134071177678,0.8964808801113395,Healthy,Routine review
RET023,Cashmere Blend Sweater,Tops,S,Cream,6,8,48.0,128.0,2024-01-12,22,Cozy Knits Inc,Fall/Winter,288.0,2816.0,1760.0,44.0,8.181818181818182,2.0,Fast-moving,A,0.04665650473855126,0.15633905494068528,Reorder Now,Critical - protect availability
RET024,Cashmere Blend Sweater,Tops,M,Cream,4,10,48.0,128.0,2024-01-12,28,Cozy Knits Inc,Fall/Winter,192.0,3584.0,2240.0,84.0,4.285714285714286,1.0,Fast-moving,A,0.05938100603088343,0.05938100603088343,Reorder Now,Critical - protect availability
RET025,Cashmere Blend Sweater,Tops,L,Cream,7,8,48.0,128.0,2024-01-12,18,Cozy Knits Inc,Fall/Winter,336.0,2304.0,1440.0,30.857142857142858,11.666666666666668,5.0,Fast-moving,A,0.03817350387699649,0.2356683676850686,Reorder Now,Critical - protect availability
RET026,Silk Cami,Tops,S,Blush,32,12,18.0,52.0,2024-02-08,22,Bella Basics,Spring/Summer,576.0,1144.0,748.0,8.25,43.63636363636364,33.0,Non-moving,A,0.01895420505003645,0.5823613228179468,Healthy,High-value at risk - investigate
RET027,Silk Cami,Tops,M,Blush,38,15,18.0,52.0,2024-02-08,28,Bella Basics,Spring/Summer,684.0,1456.0,952.0,8.842105263157896,40.714285714285715,27.0,Slow-moving,A,0.02412353370004639,0.4391609781960369,Healthy,High-value at risk - investigate
RET028,Silk Cami,Tops,L,Blush,28,12,18.0,52.0,2024-02-08,18,Bella Basics,Spring/Summer,504.0,936.0,612.0,7.714285714285714,46.66666666666667,41.0,Non-moving,A,0.015507985950029822,0.7341937835509311,Healthy,High-value at risk - investigate
RET029,Statement Earrings,Accessories,One Size,Gold,45,20,8.5,28.0,2024-02-10,32,Jewelry Junction,Year-Round,382.5,896.0,624.0,8.533333333333333,42.1875,31.0,Non-moving,A,0.014845251507720857,0.7639836967327192,Healthy,High-value at risk - investigate
RET030,Statement Earrings,Accessories,One Size,Silver,38,20,8.5,28.0,2024-02-10,28,Jewelry Junction,Year-Round,323.0,784.0,546.0,8.842105263157896,40.714285714285715,28.0,Slow-moving,B,0.01298959506925575,0.8458479687189344,Healthy,Routine review
RET031,Wrap Dress,Dresses,S,Black,14,8,28.0,82.0,2024-01-25,11,Summer Styles Co,Year-Round,392.0,902.0,594.0,9.428571428571429,38.18181818181819,20.0,Slow-moving,A,0.014944661674067201,0.7491384452249983,Healthy,High-value at risk - investigate
RET032,Wrap Dress,Dresses,M,Black,18,10,28.0,82.0,2024-01-25,15,Summer Styles Co,Year-Round,504.0,1230.0,810.0,10.0,36.0,16.0,Slow-moving,A,0.020379084101000727,0.5049208032341441,Healthy,High-value at risk - investigate
RET033,Wrap Dress,Dresses,L,Black,16,10,28.0,82.0,2024-01-25,12,Summer Styles Co,Year-Round,448.0,984.0,648.0,9.0,40.0,24.0,Slow-moving,A,0.016303267280800584,0.7031778116508716,Healthy,High-value at risk - investigate
RET034,Ankle Boots,Footwear,7,Black,8,6,52.0,138.0,2024-01-18,15,Footwear First,Fall/Winter,416.0,2070.0,1290.0,22.5,16.0,6.0,Fast-moving,A,0.034296507389489035,0.3051560739611638,Healthy,Critical - protect availability
RET035,Ankle Boots,Footwear,8,Black,6,8,52.0,138.0,2024-01-18,22,Footwear First,Fall/Winter,312.0,3036.0,1892.0,44.0,8.181818181818182,3.0,Fast-moving,A,0.05030154417125058,0.10968255020213401,Reorder Now,Critical - protect availability
RET036,Ankle Boots,Footwear,9,Black,10,8,52.0,138.0,2024-01-18,18,Footwear First,Fall/Winter,520.0,2484.0,1548.0,21.6,16.666666666666668,7.0,Fast-moving,A,0.04115580886738684,0.19749486380807213,Low - Monitor,Critical - protect availability
RET037,Blazer - Tailored,Outerwear,S,Navy,12,6,58.0,148.0,2024-02-02,8,Professional Plus,Year-Round,696.0,1184.0,720.0,8.0,45.0,38.0,Non-moving,A,0.019616939492345418,0.5245377427264896,Healthy,High-value at risk - investigate
RET038,Blazer - Tailored,Outerwear,M,Navy,15,8,58.0,148.0,2024-02-02,12,Professional Plus,Year-Round,870.0,1776.0,1080.0,9.6,37.5,19.0,Slow-moving,A,0.029425409238518125,0.3345814831996819,Healthy,High-value at risk - investigate
RET039,Blazer - Tailored,Outerwear,L,Navy,11,6,58.0,148.0,2024-02-02,7,Professional Plus,Year-Round,638.0,1036.0,630.0,7.636363636363637,47.14285714285714,45.0,Non-moving,A,0.01716482205580224,0.6537378222546226,Healthy,High-value at risk - investigate
RET040,Sunglasses - Aviator,Accessories,One Size,Gold/Brown,28,15,12.0,38.0,2024-02-12,18,Accessory World,Spring/Summer,336.0,684.0,468.0,7.714285714285714,46.66666666666667,42.0,Non-moving,B,0.011332758963483331,0.931108754721983,Healthy,Routine review
RET041,Sunglasses - Aviator,Accessories,One Size,Black,32,15,12.0,38.0,2024-02-12,22,Accessory World,Spring/Summer,384.0,836.0,572.0,8.25,43.63636363636364,34.0,Non-moving,B,0.013851149844257405,0.8060673338193386,Healthy,Routine review
RET042,Wide Brim Hat,Accessories,One Size,Natural,22,12,15.0,45.0,2024-02-07,14,Accessory World,Spring/Summer,330.0,630.0,420.0,7.636363636363637,47.14285714285714,46.0,Non-moving,C,0.010438067466366227,0.9747498177480283,Healthy,Discontinue candidate
RET043,Leather Belt,Accessories,S,Brown,18,10,14.0,42.0,2024-01-30,12,Luxe Leather Co,Year-Round,252.0,504.0,336.0,8.0,45.0,39.0,Non-moving,C,0.008350453973092982,0.9928424680230631,Healthy,Discontinue candidate
RET044,Leather Belt,Accessories,M,Brown,24,12,14.0,42.0,2024-01-30,18,Luxe Leather Co,Year-Round,336.0,756.0,504.0,9.0,40.0,25.0,Slow-moving,B,0.012525680959639473,0.8840877460401618,Healthy,Routine review
RET045,Leather Belt,Accessories,L,Brown,20,10,14.0,42.0,2024-01-30,14,Luxe Leather Co,Year-Round,280.0,588.0,392.0,8.4,42.857142857142854,32.0,Non-moving,C,0.009742196301941812,0.9844920140499701,Healthy,Discontinue candidate
RET046,Cotton Cardigan,Tops,S,Gray,25,12,22.0,62.0,2024-02-04,16,Cozy Knits Inc,Year-Round,550.0,992.0,640.0,7.68,46.875,44.0,Non-moving,A,0.016435814169262375,0.686874544370071,Healthy,High-value at risk - investigate
RET047,Cotton Cardigan,Tops,M,Gray,32,15,22.0,62.0,2024-02-04,24,Cozy Knits Inc,Year-Round,704.0,1488.0,960.0,9.0,40.0,26.0,Slow-moving,A,0.024653721253893566,0.4150374444959905,Healthy,High-value at risk - investigate
RET048,Cotton Cardigan,Tops,L,Gray,28,12,22.0,62.0,2024-02-04,18,Cozy Knits Inc,Year-Round,616.0,1116.0,720.0,7.714285714285714,46.66666666666667,43.0,Non-moving,A,0.018490290940420175,0.600851613758367,Healthy,High-value at risk - investigate
RET049,Pleated Skirt,Bottoms,S,Burgundy,16,8,26.0,72.0,2024-01-22,10,Summer Styles Co,Fall/Winter,416.0,720.0,460.0,7.5,48.0,47.0,Non-moving,B,0.011929219961561403,0.9084101000729009,Healthy,Routine review
RET050,Pleated Skirt,Bottoms,M,Burgundy,12,10,26.0,72.0,2024-01-22,14,Summer Styles Co,Fall/Winter,312.0,1008.0,644.0,14.0,25.714285714285715,13.0,Slow-moving,A,0.016700907946185964,0.6704387302008086,Low - Monitor,High-value at risk - investigate
